,sp500_return,inflation,fed_funds_rate,unemployment_rate
sp500_return,1.0,-0.01687035281915746,0.044659630820025484,0.24925904591853507
inflation,-0.01687035281915746,1.0,-0.14707175975552766,-0.1675411282326477
fed_funds_rate,0.044659630820025484,-0.14707175975552766,1.0,-0.4293664730193252
unemployment_rate,0.24925904591853507,-0.1675411282326477,-0.4293664730193252,1.0
