,sp500_return,inflation,fed_funds_rate,unemployment_rate
sp500_return,1.0,-0.01687114985117437,0.04476587319664464,0.24923698797171517
inflation,-0.01687114985117437,1.0,-0.14707175975552766,-0.1675411282326477
fed_funds_rate,0.04476587319664464,-0.14707175975552766,1.0,-0.4293664730193252
unemployment_rate,0.24923698797171517,-0.1675411282326477,-0.4293664730193252,1.0
