,sp500_return,unemployment_rate,fed_funds_rate,inflation
sp500_return,1.0,0.03806922325539695,-0.030405304025863233,0.10570989030325469
unemployment_rate,0.03806922325539695,1.0,-0.6031105417144844,-0.25823878444669124
fed_funds_rate,-0.030405304025863233,-0.6031105417144844,1.0,0.05799180973904403
inflation,0.10570989030325469,-0.25823878444669124,0.05799180973904403,1.0
