feature,linear_regression_coefficient
inflation,0.01349945256968215
fed_funds_rate,0.004948613805687068
unemployment_rate,0.007429050054257176
