feature,linear_regression_coefficient
inflation,0.013503685654687306
fed_funds_rate,0.004952081128714999
unemployment_rate,0.007430141782094868
