feature,random_forest_importance
inflation,0.6004969258526902
unemployment_rate,0.24792512995185642
fed_funds_rate,0.15157794419545345
