feature,random_forest_importance
inflation,0.6007480673153531
unemployment_rate,0.24760115610947436
fed_funds_rate,0.15165077657517245
