model,r2,mae,rmse
Linear Regression,-0.042928489175310336,0.022458759193105256,0.0313512043863721
Random Forest Regressor,0.036605902018424286,0.022695253537321505,0.03013206908569307
