model,r2,mae,rmse
Linear Regression,-0.0428642182093073,0.022459246229445638,0.0313502383550207
Random Forest Regressor,0.03658171175678426,0.022702847647802327,0.030132447382623138
